
insert INTO services(idservices,idtypeservices,label,url,description,labelaffiche) 
values('ens','Module','Enseignant','enseignant','enseignant','enseignant'),
values('ped','Module','Pedagogie','pedagogie','Pedagogie','Pedagogie');

insert INTO services(idservices,idsousservices,idtypeservices,label,url,description,labelaffiche) 
values('ens-cr','ens','Controller','create','enseignant\\create','enseignant','create'),
('ens-sh','ens','Controller','show','enseignant\\show','enseignant','show'),
('ens-inv','ens','Controller','mes-invitations','enseignant\\mes-invitations','enseignant','mes-invitations'),
('ens-mn-cmp','ens','Controller','mon-compte','enseignant\\mon-compte','enseignant','mon-compte'),
('ens-sav','ens','Controller','save','enseignant\\save','enseignant','save');

insert INTO services(idservices,idsousservices,idtypeservices,label,url,description,labelaffiche) 
values('ens-cr-01','ens-cr','Action','index','enseignant\\create\\index','enseignant','create'),


insert INTO services(idservices,idsousservices,idtypeservices,label,url,description,labelaffiche) 
values('ens-cr-01','ens-cr','Action','index','enseignant\\create\\index','enseignant','create'),
('ens-cr-02','ens-cr','Action','createjob','enseignant\\create\\createjob','enseignant','create'),
('ens-cr-03','ens-cr','Action','donneepersonnelle','enseignant\\create\\donneepersonnelle','enseignant','create'),
('ens-cr-04','ens-cr','Action','donnee-perso-arab','enseignant\\create\\donnee-perso-arab','enseignant','create'),
('ens-cr-05','ens-cr','Action','etablissementenseigne','enseignant\\create\\etablissementenseigne','enseignant','create'),
('ens-cr-06','ens-cr','Action','traveau-enseignant','enseignant\\create\\traveau-enseignant','enseignant','create'),
('ens-cr-07','ens-cr','Action','menu-cv-enseignant','enseignant\\create\\menu-cv-enseignant','enseignant','create'),
('ens-cr-08','ens-cr','Action','liste-mes-grades-ens','enseignant\\create\\liste-mes-grades-ens','enseignant','create'),
('ens-cr-09','ens-cr','Action','mon-grade-ens','enseignant\\create\\mon-grade-ens','enseignant','create'),
('ens-cr-10','ens-cr','Action','grades-enseignants','enseignant\\create\\grades-enseignants','enseignant','create'),
('ens-cr-11','ens-cr','Action','specialite-enseignant','enseignant\\create\\specialite-enseignant','enseignant','create'),
('ens-cr-12','ens-cr','Action','compte-utilisateur','enseignant\\create\\compte-utilisateur','enseignant','create'),
('ens-cr-13','ens-cr','Action','diplome-enseignant','enseignant\\create\\diplome-enseignant','enseignant','create'),
('ens-cr-14','ens-cr','Action','info-pro-dossier','enseignant\\create\\info-pro-dossier','enseignant','create'),
('ens-cr-15','ens-cr','Action','info-pro-dossier-ar','enseignant\\create\\info-pro-dossier-ar','enseignant','create'),
('ens-cr-16','ens-cr','Action','depot-dossier-papier','enseignant\\create\\depot-dossier-papier','enseignant','create'),
('ens-cr-17','ens-cr','Action','inviter-coordinateur','enseignant\\create\\inviter-coordinateur','enseignant','create'),
('ens-cr-18','ens-cr','Action','inviter-coordinateur-mail-send','enseignant\\create\\inviter-coordinateur-mail-send','enseignant','create'),
('ens-cr-19','ens-cr','Action','create-compte ','enseignant\\create\\create-compte ','enseignant','create'),
('ens-sh-01','ens-sh','Action','index','enseignant\\show\\index','enseignant','show'),
('ens-sh-02','ens-sh','Action','showcv','enseignant\\show\\showcv','enseignant','show'),
('ens-sh-03','ens-sh','Action','showcvcarriere','enseignant\\show\\showcvcarriere','enseignant','show'),
('ens-sh-04','ens-sh','Action','liste-mes-grades-ens','enseignant\\show\\liste-mes-grades-ens','enseignant','show'),
('ens-sh-05','ens-sh','Action','list-diplome-enseignant','enseignant\\show\\list-diplome-enseignant','enseignant','show'),
('ens-sh-06','ens-sh','Action','gest-diplome-enseignant','enseignant\\show\\gest-diplome-enseignant','enseignant','show'),
('ens-sh-07','ens-sh','Action','list-info-pro-dossier','enseignant\\show\\list-info-pro-dossier','enseignant','show'),
('ens-sh-08','ens-sh','Action','gest-info-pro-dossier','enseignant\\show\\gest-info-pro-dossier','enseignant','show'),
('ens-sh-09','ens-sh','Action','aide-saisie-dossier-enseignat','enseignant\\show\\aide-saisie-dossier-enseignat','enseignant','show'),
('ens-sh-10','ens-sh','Action','imprimer-demande-heur-enseigne','enseignant\\show\\imprimer-demande-heur-enseigne','enseignant','show'),
('ens-sh-11','ens-sh','Action','depot-dossier-papier','enseignant\\show\\depot-dossier-papier','enseignant','show'),
('ens-sh-12','ens-sh','Action','gest-depot-dossier-papier','enseignant\\show\\gest-depot-dossier-papier','enseignant','show'),
('ens-sh-13','ens-sh','Action','gest-invitation','enseignant\\show\\gest-invitation  ','enseignant','show'),
('ens-inv-01','ens-inv','Action','index','enseignant\\mes-invitations\\index','enseignant','mes-invitations'),
('ens-inv-02','ens-inv','Action','lister-mes-invitations','enseignant\\mes-invitations\\lister-mes-invitations','enseignant','mes-invitations'),
('ens-inv-03','ens-inv','Action','accepter-tutorat','enseignant\\mes-invitations\\accepter-tutorat','enseignant','mes-invitations'),
('ens-inv-04','ens-inv','Action','accepter-coordination','enseignant\\mes-invitations\\accepter-coordination','enseignant','mes-invitations'),
('ens-inv-05','ens-inv','Action','show-mail-invitation','enseignant\\mes-invitations\\show-mail-invitation','enseignant','show-mail-invitation'),


('ens-mn-cmp-01','ens-mn-cmp','Action','index','enseignant\\mon-compte\\index','enseignant','mon-compte'),
('ens-mn-cmp-02','ens-mn-cmp','Action','create-compte','enseignant\\mon-compte\\create-compte','enseignant','mon-compte'),
('ens-mn-cmp-03','ens-mn-cmp','Action','login','enseignant\\mon-compte\\login','enseignant','mon-compte'),
('ens-mn-cmp-04','ens-mn-cmp','Action','logout','enseignant\\mon-compte\\logout','enseignant','mon-compte'),
('ens-mn-cmp-05','ens-mn-cmp','Action','change-password','enseignant\\mon-compte\\change-password','enseignant','mon-compte'),
('ens-mn-cmp-06','ens-mn-cmp','Action','demande-change-password','enseignant\\mon-compte\\demande-change-password','enseignant','mon-compte'),
('ens-mn-cmp-07','ens-mn-cmp','Action','save-compte ','enseignant\\mon-compte\\save-compte ','enseignant','mon-compte'),


('ens-sav-01','ens-sav','Action','index','enseignant\\save\\index','enseignant','save'),
('ens-sav-02','ens-sav','Action','donneepersonnelle','enseignant\\save\\donneepersonnelle','enseignant','save'),
('ens-sav-03','ens-sav','Action','etablissementenseigne','enseignant\\save\\etablissementenseigne','enseignant','save'),
('ens-sav-04','ens-sav','Action','traveau-enseignant','enseignant\\save\\traveau-enseignant','enseignant','save');



INSERT INTO `roles` (`idroles`, `nomrole`, `descrole`)
 VALUES ('AdminPedagogie', 'Administrateur pédagogique', ''),
('coordinateur', 'Coordinateur', ''),
('root', 'root', ''),
('inviter', 'Inviter', ''),
('operateur', 'Operateur', ''),
('tuteur', 'Tuteur', '');



INSERT INTO droits (idservices,idroles)
VALUES
('ens-inv','inviter'),
('ens-inv-01','inviter'),
('ens-inv-02','inviter'),
('ens-inv-03','inviter'),
('ens-inv-04','inviter'),
('ens-inv-05','inviter'),
('ens-mn-cmp','inviter'),
('ens-mn-cmp-01','inviter'),
('ens-mn-cmp-02','inviter'),
('ens-mn-cmp-03','inviter'),
('ens-mn-cmp-04','inviter'),
('ens-mn-cmp-05','inviter'),
('ens-mn-cmp-06','inviter'),
('ens-mn-cmp-07','inviter');

INSERT INTO droits (idservices,idroles) 
VALUES ('ens-cr-01','AdminPedagogie'),
('ens-cr-02','AdminPedagogie'),
('ens-cr-03','AdminPedagogie'),
('ens-cr-04','AdminPedagogie'),
('ens-cr-05','AdminPedagogie'),
('ens-cr-06','AdminPedagogie'),
('ens-cr-07','AdminPedagogie'),
('ens-cr-08','AdminPedagogie'),
('ens-cr-09','AdminPedagogie'),
('ens-cr-10','AdminPedagogie'),
('ens-cr-11','AdminPedagogie'),
('ens-cr-12','AdminPedagogie'),
('ens-cr-13','AdminPedagogie'),
('ens-cr-14','AdminPedagogie'),
('ens-cr-15','AdminPedagogie'),
('ens-cr-16','AdminPedagogie'),
('ens-cr-17','AdminPedagogie'),
('ens-cr-18','AdminPedagogie'),
('ens-cr-19','AdminPedagogie'),
('ens-sh-01','AdminPedagogie'),
('ens-sh-02','AdminPedagogie'),
('ens-sh-03','AdminPedagogie'),
('ens-sh-04','AdminPedagogie'),
('ens-sh-05','AdminPedagogie'),
('ens-sh-06','AdminPedagogie'),
('ens-sh-07','AdminPedagogie'),
('ens-sh-08','AdminPedagogie'),
('ens-sh-09','AdminPedagogie'),
('ens-sh-10','AdminPedagogie'),
('ens-sh-11','AdminPedagogie'),
('ens-sh-12','AdminPedagogie'),
('ens-sh-13','AdminPedagogie'),
('ens-inv-01','AdminPedagogie'),
('ens-inv-02','AdminPedagogie'),
('ens-inv-03','AdminPedagogie'),
('ens-inv-04','AdminPedagogie'),
('ens-inv-05','AdminPedagogie'),
('ens-mn-cmp-01','AdminPedagogie'),
('ens-mn-cmp-02','AdminPedagogie'),
('ens-mn-cmp-03','AdminPedagogie'),
('ens-mn-cmp-04','AdminPedagogie'),
('ens-mn-cmp-05','AdminPedagogie'),
('ens-mn-cmp-06','AdminPedagogie'),
('ens-mn-cmp-07','AdminPedagogie'),
('ens-sav-01','AdminPedagogie'),
('ens-sav-02','AdminPedagogie'),
('ens-sav-03','AdminPedagogie'),
('ens-sav-04','AdminPedagogie');

INSERT INTO droits (idservices,idroles) 
VALUES('ens-cr-01','coordinateur'),
('ens-cr-02','coordinateur'),
('ens-cr-03','coordinateur'),
('ens-cr-04','coordinateur'),
('ens-cr-05','coordinateur'),
('ens-cr-06','coordinateur'),
('ens-cr-07','coordinateur'),
('ens-cr-08','coordinateur'),
('ens-cr-09','coordinateur'),
('ens-cr-10','coordinateur'),
('ens-cr-11','coordinateur'),
('ens-cr-12','coordinateur'),
('ens-cr-13','coordinateur'),
('ens-cr-14','coordinateur'),
('ens-cr-15','coordinateur'),
('ens-cr-16','coordinateur'),
('ens-cr-17','coordinateur'),
('ens-cr-18','coordinateur'),
('ens-cr-19','coordinateur'),
('ens-sh-01','coordinateur'),
('ens-sh-02','coordinateur'),
('ens-sh-03','coordinateur'),
('ens-sh-04','coordinateur'),
('ens-sh-05','coordinateur'),
('ens-sh-06','coordinateur'),
('ens-sh-07','coordinateur'),
('ens-sh-08','coordinateur'),
('ens-sh-09','coordinateur'),
('ens-sh-10','coordinateur'),
('ens-sh-11','coordinateur'),
('ens-sh-12','coordinateur'),
('ens-sh-13','coordinateur'),
('ens-inv-01','coordinateur'),
('ens-inv-02','coordinateur'),
('ens-inv-03','coordinateur'),
('ens-inv-04','coordinateur'),
('ens-inv-05','coordinateur'),
('ens-mn-cmp-01','coordinateur'),
('ens-mn-cmp-02','coordinateur'),
('ens-mn-cmp-03','coordinateur'),
('ens-mn-cmp-04','coordinateur'),
('ens-mn-cmp-05','coordinateur'),
('ens-mn-cmp-06','coordinateur'),
('ens-mn-cmp-07','coordinateur'),
('ens-sav-01','coordinateur'),
('ens-sav-02','coordinateur'),
('ens-sav-03','coordinateur'),
('ens-sav-04','coordinateur');

INSERT INTO droits (idservices,idroles) 
VALUES
('ens-cr','tuteur'),
('ens-cr-01','tuteur'),
('ens-cr-02','tuteur'),
('ens-cr-03','tuteur'),
('ens-cr-04','tuteur'),
('ens-cr-05','tuteur'),
('ens-cr-06','tuteur'),
('ens-cr-07','tuteur'),
('ens-cr-08','tuteur'),
('ens-cr-09','tuteur'),
('ens-cr-10','tuteur'),
('ens-cr-11','tuteur'),
('ens-cr-12','tuteur'),
('ens-cr-13','tuteur'),
('ens-cr-14','tuteur'),
('ens-cr-15','tuteur'),
('ens-cr-16','tuteur'),
('ens-cr-17','tuteur'),
('ens-cr-18','tuteur'),
('ens-cr-19','tuteur'),
('ens-sh-01','tuteur'),
('ens-sh-02','tuteur'),
('ens-sh-03','tuteur'),
('ens-sh-04','tuteur'),
('ens-sh-05','tuteur'),
('ens-sh-06','tuteur'),
('ens-sh-07','tuteur'),
('ens-sh-08','tuteur'),
('ens-sh-09','tuteur'),
('ens-sh-10','tuteur'),
('ens-sh-11','tuteur'),
('ens-sh-12','tuteur'),
('ens-sh-13','tuteur'),
('ens-inv','tuteur'),
('ens-inv-01','tuteur'),
('ens-inv-02','tuteur'),
('ens-inv-03','tuteur'),
('ens-inv-04','tuteur'),
('ens-inv-05','tuteur'),
('ens-mn-cmp','tuteur'),
('ens-mn-cmp-01','tuteur'),
('ens-mn-cmp-02','tuteur'),
('ens-mn-cmp-03','tuteur'),
('ens-mn-cmp-04','tuteur'),
('ens-mn-cmp-05','tuteur'),
('ens-mn-cmp-06','tuteur'),
('ens-mn-cmp-07','tuteur'),
('ens-sav','tuteur'),
('ens-sav-01','tuteur'),
('ens-sav-02','tuteur'),
('ens-sav-03','tuteur'),
('ens-sav-04','tuteur');

INSERT INTO droits (idservices,idroles) 
VALUES  ('ens-cr-01','root'),
('ens-cr-02','root'),
('ens-cr-03','root'),
('ens-cr-04','root'),
('ens-cr-05','root'),
('ens-cr-06','root'),
('ens-cr-07','root'),
('ens-cr-08','root'),
('ens-cr-09','root'),
('ens-cr-10','root'),
('ens-cr-11','root'),
('ens-cr-12','root'),
('ens-cr-13','root'),
('ens-cr-14','root'),
('ens-cr-15','root'),
('ens-cr-16','root'),
('ens-cr-17','root'),
('ens-cr-18','root'),
('ens-cr-19','root'),
('ens-sh-01','root'),
('ens-sh-02','root'),
('ens-sh-03','root'),
('ens-sh-04','root'),
('ens-sh-05','root'),
('ens-sh-06','root'),
('ens-sh-07','root'),
('ens-sh-08','root'),
('ens-sh-09','root'),
('ens-sh-10','root'),
('ens-sh-11','root'),
('ens-sh-12','root'),
('ens-sh-13','root'),
('ens-inv-01','root'),
('ens-inv-02','root'),
('ens-inv-03','root'),
('ens-inv-04','root'),
('ens-inv-05','root'),
('ens-mn-cmp-01','root'),
('ens-mn-cmp-02','root'),
('ens-mn-cmp-03','root'),
('ens-mn-cmp-04','root'),
('ens-mn-cmp-05','root'),
('ens-mn-cmp-06','root'),
('ens-mn-cmp-07','root'),
('ens-sav-01','root'),
('ens-sav-02','root'),
('ens-sav-03','root'),
('ens-sav-04','root');